<?xml version="1.0" encoding="utf-8"?>
<!--/19962978/1769951/2.50/10/3/Connector/-->
<quadcept_library>
  <setting unit="mil" />
  <textstyle name="Default" height="47.244094488189" strokewidth="7.8740157480315" charwidth="47.244094488189" />
  <textstyle name="Dimension" height="19.6850393700787" strokewidth="0" charwidth="19.6850393700787" />
  <textstyle name="H127W0635TH00762" height="50" strokewidth="3" charwidth="25" />
  <textstyle name="H15W15TH02" height="59.0551181102362" strokewidth="7.8740157480315" charwidth="59.0551181102362" />
  <padstyle name="r155_60" surface="True" plated="False" isvia="False" nopaste="False" nomask="True" complex="False" holesize="0">
    <padshape layer="TOP" shape="rectangle" width="23.622047244094" height="61.023622047243" />
    <padshape layer="TOP_SOLDER_MASK" shape="rectangle" width="31.496062992126" height="68.897637795275" />
    <padshape layer="TOP_SOLDER_PASTE" shape="rectangle" width="23.622047244094" height="61.023622047243" />
  </padstyle>
  <padstyle name="r180_120" surface="True" plated="False" isvia="False" nopaste="False" nomask="True" complex="False" holesize="0">
    <padshape layer="TOP" shape="rectangle" width="47.244094488188" height="70.866141732283" />
    <padshape layer="TOP_SOLDER_MASK" shape="rectangle" width="55.11811023622" height="78.740157480314" />
    <padshape layer="TOP_SOLDER_PASTE" shape="rectangle" width="47.244094488188" height="70.866141732283" />
  </padstyle>
  <footprint name="SM08BSRSSTB" originx="0" originy="0" pickpointx="0" pickpointy="0">
    <pcbpin number="1" name="1" style="r155_60" originx="-137.79527559055" originy="90.078740157479" rotation="0" />
    <pcbpin number="2" name="2" style="r155_60" originx="-98.425196850392" originy="90.078740157479" rotation="0" />
    <pcbpin number="3" name="3" style="r155_60" originx="-59.055118110235" originy="90.078740157479" rotation="0" />
    <pcbpin number="4" name="4" style="r155_60" originx="-19.685039370078" originy="90.078740157479" rotation="0" />
    <pcbpin number="5" name="5" style="r155_60" originx="19.685039370078" originy="90.078740157479" rotation="0" />
    <pcbpin number="6" name="6" style="r155_60" originx="59.055118110235" originy="90.078740157479" rotation="0" />
    <pcbpin number="7" name="7" style="r155_60" originx="98.425196850392" originy="90.078740157479" rotation="0" />
    <pcbpin number="8" name="8" style="r155_60" originx="137.79527559055" originy="90.078740157479" rotation="0" />
    <pcbpin number="9" name="9" style="r180_120" originx="-188.97637795275" originy="-62.519685039369" rotation="0" />
    <pcbpin number="10" name="10" style="r180_120" originx="188.97637795275" originy="-62.519685039369" rotation="0" />
    <line layer="TOP_ASSEMBLY" originx="-196.85039370078" originy="-90.078740157479" endx="196.85039370078" endy="-90.078740157479" width="3.9370078740157" />
    <line layer="TOP_ASSEMBLY" originx="196.85039370078" originy="-90.078740157479" endx="196.85039370078" endy="77.244094488188" width="3.9370078740157" />
    <line layer="TOP_ASSEMBLY" originx="196.85039370078" originy="77.244094488188" endx="-196.85039370078" endy="77.244094488188" width="3.9370078740157" />
    <line layer="TOP_ASSEMBLY" originx="-196.85039370078" originy="77.244094488188" endx="-196.85039370078" endy="-90.078740157479" width="3.9370078740157" />
    <line layer="TOP_PLACE_BOUND" originx="-251.968503937" originy="159.96062992126" endx="251.968503937" endy="159.96062992126" width="3.9370078740157" />
    <line layer="TOP_PLACE_BOUND" originx="251.968503937" originy="159.96062992126" endx="251.968503937" endy="-137.32283464567" width="3.9370078740157" />
    <line layer="TOP_PLACE_BOUND" originx="251.968503937" originy="-137.32283464567" endx="-251.968503937" endy="-137.32283464567" width="3.9370078740157" />
    <line layer="TOP_PLACE_BOUND" originx="-251.968503937" originy="-137.32283464567" endx="-251.968503937" endy="159.96062992126" width="3.9370078740157" />
    <line layer="TOP_SILKSCREEN" originx="165.35433070866" originy="77.244094488188" endx="196.85039370078" endy="77.244094488188" width="7.8740157480314" />
    <line layer="TOP_SILKSCREEN" originx="196.85039370078" originy="77.244094488188" endx="196.85039370078" endy="-15.748031496063" width="7.8740157480314" />
    <line layer="TOP_SILKSCREEN" originx="149.6062992126" originy="-90.078740157479" endx="-149.6062992126" endy="-90.078740157479" width="7.8740157480314" />
    <line layer="TOP_SILKSCREEN" originx="-196.85039370078" originy="-15.748031496063" endx="-196.85039370078" endy="77.244094488188" width="7.8740157480314" />
    <line layer="TOP_SILKSCREEN" originx="-196.85039370078" originy="77.244094488188" endx="-165.35433070866" endy="77.244094488188" width="7.8740157480314" />
    <line layer="TOP_SILKSCREEN" originx="-137.79527559055" originy="137.79527559055" endx="-137.79527559055" endy="137.79527559055" width="3.9370078740157" />
    <arc layer="TOP_SILKSCREEN" originx="-137.79527559055" originy="139.76377952756" startangle="-90.0" sweepangle="180.0" radius="1.9685039370079" width="3.9370078740157" />
    <line layer="TOP_SILKSCREEN" originx="-137.79527559055" originy="141.73228346457" endx="-137.79527559055" endy="141.73228346457" width="3.9370078740157" />
    <arc layer="TOP_SILKSCREEN" originx="-137.79527559055" originy="139.76377952756" startangle="90.0" sweepangle="180.0" radius="1.9685039370079" width="3.9370078740157" />
  </footprint>
  <symbol name="SM08B-SRSS-TB" originx="0" originy="0">
    <line originx="200" originy="100" endx="700" endy="100" width="0" />
    <line originx="700" originy="-800" endx="700" endy="100" width="0" />
    <line originx="700" originy="-800" endx="200" endy="-800" width="0" />
    <line originx="200" originy="100" endx="200" endy="-800" width="0" />
    <sympin number="1" originx="700" originy="0" rotation="0" length="100" width="7.8740157480315" flipped="False">
      <text name="pinname" originx="670" originy="0" style="Default" rotation="0" justify="right" flipped="False" hidden="False" data="1" />
      <text name="pindes" originx="760" originy="20" style="Default" rotation="0" justify="lowerleft" flipped="False" hidden="False" data="1" />
    </sympin>
    <sympin number="2" originx="700" originy="-100" rotation="0" length="100" width="7.8740157480315" flipped="False">
      <text name="pinname" originx="670" originy="-100" style="Default" rotation="0" justify="right" flipped="False" hidden="False" data="2" />
      <text name="pindes" originx="760" originy="-80" style="Default" rotation="0" justify="lowerleft" flipped="False" hidden="False" data="2" />
    </sympin>
    <sympin number="3" originx="700" originy="-200" rotation="0" length="100" width="7.8740157480315" flipped="False">
      <text name="pinname" originx="670" originy="-200" style="Default" rotation="0" justify="right" flipped="False" hidden="False" data="3" />
      <text name="pindes" originx="760" originy="-180" style="Default" rotation="0" justify="lowerleft" flipped="False" hidden="False" data="3" />
    </sympin>
    <sympin number="4" originx="700" originy="-300" rotation="0" length="100" width="7.8740157480315" flipped="False">
      <text name="pinname" originx="670" originy="-300" style="Default" rotation="0" justify="right" flipped="False" hidden="False" data="4" />
      <text name="pindes" originx="760" originy="-280" style="Default" rotation="0" justify="lowerleft" flipped="False" hidden="False" data="4" />
    </sympin>
    <sympin number="5" originx="700" originy="-400" rotation="0" length="100" width="7.8740157480315" flipped="False">
      <text name="pinname" originx="670" originy="-400" style="Default" rotation="0" justify="right" flipped="False" hidden="False" data="5" />
      <text name="pindes" originx="760" originy="-380" style="Default" rotation="0" justify="lowerleft" flipped="False" hidden="False" data="5" />
    </sympin>
    <sympin number="6" originx="700" originy="-500" rotation="0" length="100" width="7.8740157480315" flipped="False">
      <text name="pinname" originx="670" originy="-500" style="Default" rotation="0" justify="right" flipped="False" hidden="False" data="6" />
      <text name="pindes" originx="760" originy="-480" style="Default" rotation="0" justify="lowerleft" flipped="False" hidden="False" data="6" />
    </sympin>
    <sympin number="7" originx="700" originy="-600" rotation="0" length="100" width="7.8740157480315" flipped="False">
      <text name="pinname" originx="670" originy="-600" style="Default" rotation="0" justify="right" flipped="False" hidden="False" data="7" />
      <text name="pindes" originx="760" originy="-580" style="Default" rotation="0" justify="lowerleft" flipped="False" hidden="False" data="7" />
    </sympin>
    <sympin number="8" originx="700" originy="-700" rotation="0" length="100" width="7.8740157480315" flipped="False">
      <text name="pinname" originx="670" originy="-700" style="Default" rotation="0" justify="right" flipped="False" hidden="False" data="8" />
      <text name="pindes" originx="760" originy="-680" style="Default" rotation="0" justify="lowerleft" flipped="False" hidden="False" data="8" />
    </sympin>
    <sympin number="9" originx="200" originy="0" rotation="180" length="100" width="7.8740157480315" flipped="False">
      <text name="pinname" originx="230" originy="0" style="Default" rotation="0" justify="left" flipped="False" hidden="False" data="MP1" />
      <text name="pindes" originx="140" originy="20" style="Default" rotation="0" justify="lowerright" flipped="False" hidden="False" data="9" />
    </sympin>
    <sympin number="10" originx="200" originy="-100" rotation="180" length="100" width="7.8740157480315" flipped="False">
      <text name="pinname" originx="230" originy="-100" style="Default" rotation="0" justify="left" flipped="False" hidden="False" data="MP2" />
      <text name="pindes" originx="140" originy="-80" style="Default" rotation="0" justify="lowerright" flipped="False" hidden="False" data="10" />
    </sympin>
  </symbol>
  <component name="SM08B-SRSS-TB" designatorprefix="J" height="116.14173228346" footprint="SM08BSRSSTB">
    <comppin designator="1" sympin="1" pinswap="0" gateswap="0" gate="1" group="1" side="" type="Any" name="1" />
    <comppin designator="2" sympin="2" pinswap="0" gateswap="0" gate="1" group="1" side="" type="Any" name="2" />
    <comppin designator="3" sympin="3" pinswap="0" gateswap="0" gate="1" group="1" side="" type="Any" name="3" />
    <comppin designator="4" sympin="4" pinswap="0" gateswap="0" gate="1" group="1" side="" type="Any" name="4" />
    <comppin designator="5" sympin="5" pinswap="0" gateswap="0" gate="1" group="1" side="" type="Any" name="5" />
    <comppin designator="6" sympin="6" pinswap="0" gateswap="0" gate="1" group="1" side="" type="Any" name="6" />
    <comppin designator="7" sympin="7" pinswap="0" gateswap="0" gate="1" group="1" side="" type="Any" name="7" />
    <comppin designator="8" sympin="8" pinswap="0" gateswap="0" gate="1" group="1" side="" type="Any" name="8" />
    <comppin designator="9" sympin="9" pinswap="0" gateswap="0" gate="1" group="1" side="" type="Any" name="MP1" />
    <comppin designator="10" sympin="10" pinswap="0" gateswap="0" gate="1" group="1" side="" type="Any" name="MP2" />
    <attached_symbol gate="1" name="SM08B-SRSS-TB" />
    <pinmap designator="1" footprintpin="1" />
    <pinmap designator="2" footprintpin="2" />
    <pinmap designator="3" footprintpin="3" />
    <pinmap designator="4" footprintpin="4" />
    <pinmap designator="5" footprintpin="5" />
    <pinmap designator="6" footprintpin="6" />
    <pinmap designator="7" footprintpin="7" />
    <pinmap designator="8" footprintpin="8" />
    <pinmap designator="9" footprintpin="9" />
    <pinmap designator="10" footprintpin="10" />
    <text name="Datasheet" originx="0" originy="0" style="Default" rotation="0" justify="" flipped="False" hidden="True" data="https://www.jst-mfg.com/product/pdf/eng/eSH.pdf" />
    <text name="Description" originx="0" originy="0" style="Default" rotation="0" justify="" flipped="False" hidden="True" data="Connector Header Surface Mount, Right Angle 8 position 0.039&quot; (1.00mm)" />
    <text name="Mouser Part Number" originx="0" originy="0" style="Default" rotation="0" justify="" flipped="False" hidden="True" data="N/A" />
    <text name="Mouser Price/Stock" originx="0" originy="0" style="Default" rotation="0" justify="" flipped="False" hidden="True" data="https://www.mouser.co.uk/ProductDetail/JST-Commercial/SM08B-SRSS-TB?qs=IKkN%2F947nfBrj0Hsszhebg%3D%3D" />
    <text name="Manufacturer_Name" originx="0" originy="0" style="Default" rotation="0" justify="" flipped="False" hidden="True" data="JST (JAPAN SOLDERLESS TERMINALS)" />
    <text name="Manufacturer_Part_Number" originx="750" originy="200" style="Default" rotation="0" justify="left" flipped="False" hidden="False" data="SM08B-SRSS-TB" />
  </component>
</quadcept_library>
